CAL_Wip_ID,genotype,Female_Parent,CG_Avg,PHY_Avg,2Y_length,2Y_RLN,3Y_length,3Y_RLN,Over_3Y_length,Over_3Y_RLN
11-987,11-987,31.09,1,,63.6,11.75,90.2,21.1,,
11-991,,31.09,1.15666666666667,15.45,,,,,,
AC 1,AC 1,31.01,2.5,48.5,83.6,11.6375,112.4,7.6,,
AC 2,AC2,31.01,1.4,67.8,,5.41,103.67,14.7,,
AC 3,AC 3,31.01,1.9,13.7,45.4,11.7875,47.8,65.8,,
AC 5,AC 5,31.01,1,54.1,57.5,1.65,77.7,8.9,,
AC 6,AC 6,31.01,,56.55,26,0.05,28,7.5,,
AC 7,AC 7,31.01,2.15,71.05,137.1,15.1,171,112.5,,
AC 8,,31.01,,,,,,,,
AC 11,,31.01,,,,,,,,
AC 12,AC 12,31.01,,13.25,49.4,0.133333333,72.3,27.7,,
AC 13,AC13,31.01,,25,,142.6,37.08,122.8,,
AC 15,,31.01,2.2,59.75,,,,,,
AC 16,AC16,31.01,1.3,65.2,,221.24,106.38,674.1,,
AC 18,AC 18,31.01,2.9,,131.8,0,166,8.8,,
AC 19,AC 19,31.01,,24.25,127.3,4.475,173.2,67.4,,
AC 20,AC 20,31.01,2.6,54.9,123.2,10.0125,178.5,59.1,,
AC 22,AC22,31.01,2.4,74.95,,48.49,99.46,271.5,,
AC 23,AC23,31.01,2.6,71.2,,38.07,128.04,66.1,,
AC 24,AC24,31.01,3.2,43.7,,42.97,53.98,427.4,,
AC 25,,31.01,,,,,,,,
AC 26,,31.01,,,,,,,,
AC 27,AC27,31.01,2.85,68.15,,32.65,111.79,520.6,,
AC 29,AC29,31.01,3,65.35,,30.86,129.33,871.9,,
AC 30,AC30,31.01,1.55,52.55,,20.33,133.71,279,,
AC 32,AC 32,31.01,1.4,,53.5,20.7375,70.8,41.4,,
AC 34,,31.01,,,,,,,,
AC 35,AC35,31.01,2.8,71.7,,146.52,111.98,96,,
AC 37,,31.01,,,,,,,,
AC 38,,31.01,,,,,,,,
AC 43,,31.01,,,,,,,,
AC 45,AC 45,31.01,,,43.8,10.85,72.7,75,,
AC 48,,31.01,,,,,,,,
AC 49,AC49,31.01,1.7,78.75,,15.53,102.08,114.2,,
AC 52,AC52,31.01,2.6,84.3,,68.76,131.5,117,,
AC 53,AC 53,31.01,3.3,73.45,112,2.816,161.6,43.5,,
AC 54,AC54,31.01,1.4,8.5,,56.56,47.88,91.2,,
AC 55,AC 55,31.01,,,20,5.0625,,,,
AC 56,AC 56,31.01,1.9,12.85,30.3,0.7,18.7,,,
AC 57,AC57,31.01,3,67.3,,63.89,113.63,379.2,,
AC 61,AC 61,31.01,,14.25,66.7,0.075,102.4,4.9,,
AC 63,AC63,31.01,,8.55,,155.95,48.13,61.5,,
AC 64,,31.01,,,,,,,,
AC 65,AC 65,31.01,,16.6,30,1.1,29.5,,,
AC 67,,31.01,,,,,,,,
AC 68,AC 68,31.01,1.85,76.55,98.7,1.9375,134.7,20,,
AC 72,AC 72,31.01,,6.05,35.3,0,40.8,35,,
AC 73,AC 73,31.01,1.1,25.25,52.5,7.55,77.3,42.5,,
AC 74,,31.01,,,,,,,,
AC 75,AC 75,31.01,,,32.7,0.066666667,46.5,10.2,,
AC 76,AC76,31.01,2.4,77.05,,27.45,110.13,265.3,,
AC 79,AC79,31.01,1.53333333333333,66.7,,76.25,134.17,98,,
AC 80,AC 80,31.01,,24.8,128.8,8.0375,168,19.9,,
AC 81,AC 81,31.01,,21.2,124.2,26.175,160.7,196,,
AC 82,AC 82,31.01,1.8,19.7,103.3,0.8625,150,138.5,,
AC 83,AC83,31.01,2.5,66,,35.38,101.25,244.1,,
AC 84,AC 84,31.01,,,44.1,0,70.4,51.3,,
AC 87,,31.01,,,,,,,,
AC 98,AC 98,31.01,,,140.9,3.5125,200.7,351.9,,
AC 103,AC103,31.01,2.5,82.85,,13.96,131,254.2,,
AC 109,AC109,31.01,,13.5,,92.82,86.13,182.9,,
AC 111,AC 111,31.01,1.4,20.7,62.4,14.7125,,,,
AC 112,AC112,31.01,2.3,66.55,,83.75,116,184.9,,
AC 113,AC 113,31.01,2.5,27.15,144.2,2.1125,,,,
AC 116,AC 116,31.01,2.6,,73.9,3.55,,,,
AC 119,AC 119,31.01,,,43.4,27.95,,,,
AC 120,AC120,31.01,3.2,61,,320.82,30.13,149.7,,
AC 121,AC 121,31.01,2.95,13.45,129.5,3.8375,,,,
AC 122,,31.01,,17,,,,,,
AC 123,AC123,31.01,,,,55,60.75,231.1,,
AC 125,AC 125,31.01,,30.15,32,0,,,,
AC 126,,31.01,2.4,,,,,,,
AC 128,,31.01,,,,,,,,
AC 129,AC 129,31.01,2.6,41.375,137.7,0.25,,,,
AC 130,AC 130,31.01,2.4,10.8,121.6,7.3875,,,,
AC 133,AC 133,31.01,1.5,26.1,81.1,0,,,,
AC 134,AC 134,31.01,2.6,61.7,126.4,36.825,167.5,39,,
AC 135,AC 135,31.01,1.85,38.75,124,0.0125,168.7,79,,
AC 138,,31.01,,,,,,,,
AC 139,,31.01,,,,,,,,
AC 141,AC 141,31.01,3,58.75,107.2,16.75,156.3,135.3,,
AC 142,AC142,31.01,,9.3,,58.58,53.25,162.5,,
AC 145,AC 145,31.01,3.6,49.5,129.1,1.4875,167.8,29.6,,
AC 146,AC 146,31.01,,,42.8,4.125,56,71.2,,
AC 148,AC148,31.01,2.4,73.15,,178.83,107.42,116,,
AC 151,,31.01,,,,,,,,
AC 153,AC153,31.01,2.85,52.15,,46.89,66.33,214.5,,
AC 154,,31.01,,4,,,,,,
AC 155,AC 155,31.01,2.25,29.05,144.4,19.175,184.2,228.8,,
AC 157,AC 157,31.01,3.5,,131.1,35.325,164.6,87.3,,
AC 160,AC 160,31.01,1.55,5.05,89.4,20.55,118.4,48.8,,
AC 163,AC 163,31.01,3,47.3,129.4,4.925,179.2,114.6,,
AC 164,AC 164,31.01,3.5,8.95,122.8,129.9375,162.8,44.9,,
AC 166,AC 166,31.01,1.435,,50.4,0.4375,88.7,86.3,,
AC 168,,31.01,,,,,,,,
AC 175,AC 175,31.01,3.3,10,126.7,0,179.2,78.4,,
AC 176,AC 176,31.01,2.7,38.5,91.5,3,82.7,165.3,,
AC 179,AC179,31.01,2.5,74.55,,41.37,91.25,68.2,,
AC 181,,31.01,,,,,,,,
AC 182,AC 182,31.01,2.65,10.75,148.2,2.8875,194,42.4,,
AC 184,AC 184,31.01,2.1,35,120.4,0.35,160.2,7.1,,
AC 185,,31.01,2,30.5,,,,,,
AC 186,,31.01,2.6,60.4,,,,,,
AC 188,AC188,31.01,,63,,16.93,58.75,231.1,,
AC 189,AC 189,31.01,2.9,19.65,144.9,8.1,188.3,66.4,,
AC 190,AC 190,31.01,3.6,49.75,129.7,12.5375,163.3,53.4,,
AC 199,AC 199,31.01,,,27,1.725,27,0.4,,
AC 200,,31.01,,,,,,,,
AC 201,AC 201,31.01,,,67.7,0,93.5,26.2,,
AC 206,AC 206,31.01,2.25,31.9,98.3,1.3125,149,50.6,,
AC 207,,31.01,,,,,,,,
AC 209,AC 209,31.01,,,33.5,0.025,60,15.5,,
AC 211,,31.01,1.6,29.8,,,,,,
AC 212,AC 212F,31.01,,,21.8,8.375,26.8,9.8,,
AC 215,,31.01,,,,,,,,
AC 216,,31.01,,,,,,,,
AC 217,AC217,31.01,2.6,64.9,,37.07,93.92,221.6,,
AC 219,,31.01,1.7,,,,,,,
AC 220,AC 220,31.01,,18.4,52.9,2.8125,83.9,21.1,,
AC 221,AC221,31.01,3.4,78.05,,38.61,113.21,274.4,,
AC 222,AC 222,31.01,2,24.75,86.3,1.625,149.1,163.3,,
AC 225,AC 225,31.01,2.2,27.7,130,20.225,167.3,35.9,,
AC 226,AC 226,31.01,1.665,,47,0.05,69.4,52.5,,
AC 228,AC 228,31.01,,,75.5,0.166666667,98,9.5,,
AC 232,AC 232,31.01,,8.75,55.9,24.875,108.5,74.1,,
AC 234,AC234,31.01,2.8,74.575,,49.35,128.25,77.5,,
AC 235,,31.01,,,,,,,,
AC 236,AC 236,31.01,,,50,0,53,2.1,,
AC 239,AC 239,31.01,,,24.4,0,26.7,8.3,,
AC 240,,31.01,,,,,,,,
AC 241,AC241,31.01,,,,137.55,114.5,100.2,,
AC 242,AC 242,31.01,1.95,25.25,141.8,21.85,191.2,45.2,,
AC 246,AC246,31.01,,,,21.24,25.92,379.6,,
AC 255,AC255,31.01,2.9,76.95,,33.83,122.67,184,,
AC 257,AC 257,31.01,2.45,36.45,123,4.4125,161.3,95.3,,
AC 258,AC 258,31.01,2.35,22.75,118.1,2.3875,163.8,46,,
AC 261,AC 261,31.01,1.2,29,75.5,7.775,110.5,121.5,,
AC 262,AC262,31.01,3.2,66.15,,39.1,132.17,300.6,,
AC 267,AC 267,31.01,3.1,62.4,130.5,4.816666667,190,43.3,,
AC 268,AC 268,31.01,1.9,25.15,127.2,13.9125,168.5,60.8,,
AC 270,AC 270,31.01,,37.5,54.5,0.85,70.3,104.2,,
AC 271,AC271,31.01,,29.55,,35.77,18.88,542.4,,
AC 272,AC272,31.01,2.3,58.9,,35.3,96.88,243.5,,
AC 273,AC 273,31.01,2.05,24.65,154,39.2625,202.7,104.2,,
AC 276,AC276,31.01,1,19.85,,18.98,68.58,231.3,,
AC 277,AC277,31.01,2.5,37.3,,36.83,47.58,127.8,,
AC 278,AC 278,31.01,2,17.4,53.3,0.325,64.2,44.8,,
AC 279,,31.01,1,39.65,,,,,,
AC 280,AC 280,31.01,2.95,32.4,139.8,14.625,185.5,119.4,,
AC 281,,31.01,1.9,40.45,,,,,,
AC 282,AC 282,31.01,,17.05,74.5,21.03333333,113.7,212.8,,
AC 283,,31.01,,21.65,,,,,,
AC 284,AC284,31.01,2.1,47.35,,24.63,84.25,414.8,,
AC 285,AC288,31.01,,,,26.7,,,,
AC 286,,31.01,1.56666666666667,14.05,,,,,,
AC 287,,31.01,1.3,21.05,,,,,,
AC 288,,31.01,2.1,38.4,,,74.79,112.1,,
AC 289,,31.01,1,,,,,,,
AC 292,AC 292,31.01,1,25.5,56.8,37.2,62.5,55.5,,
AC 293,,31.01,3,55.7,,,132.17,13.1,,
AC 294,,31.01,2.3,44.25,,,,,,
AC 296,,31.01,,,,,133.71,279,,
AC 298,,31.01,2,,,,,,,
AC 301,AC301,31.01,2.9,43.1,,35.29,95.69,19.1,,
AC 303,,31.01,,,,,,,,
AC 305,,31.01,,,,,,,,
AC 308,AC 308,31.01,3,,67.6,35.4875,96.9,35.8,,
AC 310,AC 310,31.01,1.4,17.85,70.6,21.95,109.7,91.8,,
AC 312,AC312,31.01,2.7,22.1,,49.25,50.38,11.1,,
AC 314,AC 314,31.01,2.8,,125,44.1125,168.3,137.2,,
AC 315,AC 315,31.01,2.85,12.5,147.2,10.75,193.3,50.1,,
AC 317,,31.01,,,,,,,,
AC 318,AC 318,31.01,2.45,35.7,134.3,91.9375,177.7,54.9,,
AC 322,AC 322,31.01,,19.75,56.3,30.25,95,23.4,,
AC 323,AC 323,31.01,2.375,17.35,121.2,10.875,175.2,100.6,,
AC 324,AC 324,31.01,2,36.7,59.1,10.8,64.3,24.6,,
AC 325,,31.01,,,,,,,,
AC 332,,31.01,,,,,,,,
AC 334,AC 334,31.01,,18.7,49.8,0,92,2.6,,
AC 335,AC 338,31.01,,48.5,132.3,20.9,,,,
AC 337,,31.01,2.9,40.4,,,,,,
AC 338,,31.01,2.4,36.55,,,166.3,53.9,,
AC 340,,31.01,,,,,,,,
AC 342,AC 342,31.01,,,56.2,0,89.7,12.3,,
AC 343,AC343,31.01,,23.05,,84.1,41.65,69.9,,
AC 346,AC 346,31.01,2.5,30.5,140,150.4625,183.5,155.5,,
AC 347,AC 347,31.01,1.8,21.65,75,0.025,103,6.5,,
AC 348,AC 348,31.01,,,48,0.15,70.5,93.4,,
AC 349,AC 349,31.01,,21.75,54.3,0.7875,83.2,96.7,,
AC 350,AC 350,31.01,3.1,19,88.3,15.7625,139.5,37.1,,
AC 351,AC 351,31.01,,,72.5,0,79,3.5,,
AC 352,AC352,31.01,,38.8,,29.98,39.2,104.8,55.21,232.6
AC 353,AC353,31.01,,30.45,,34,80.65,169.7,,
AC 354,AC 354,31.01,1.9,11,153,2.5625,205.2,26.7,,
AC 356,AC 356,31.01,3.4,37.85,151.4,3,214.3,30.6,,
AC 358,,31.01,,,,,,,,
AC 359,,31.01,,,,,,,,
AC 363,AC 363,31.01,3.3,26.15,107.9,4.65,109.8,47.9,,
AC 364,AC 364,31.01,2,,133.5,0,170,4.6,,
AC 365,,31.01,,,,,156.5,54.8,,
AC 366,AC 366,31.01,1.35,22.75,100.9,1.6875,,,,
AC 367,AC 367,31.01,2.1,27.25,117.3,12.3125,163.7,211.7,,
AC 369,,31.01,,12.65,,,,,,
AC 370,AC 370,31.01,2.6,24.45,38.5,0,12.5,,,
AC 371,AC 371,31.01,,,41.8,2.325,28,1,,
AC 375,AC 375,31.01,,,68.3,0,109.5,2.2,,
AC 379,AC 379,31.01,2.4,,106.2,2.3625,178.7,8.2,,
AC 380,AC 380,31.01,,4.75,70.6,0,90.6,3,,
AC 383,,31.01,,,,,,,,
AC 384,AC 384,31.01,2.8,,59,0,64.2,19.6,,
AC 385,AC385,31.01,3.1,56.7,,119.03,137.25,78.4,,
AC 386,AC386,31.01,1,,,46.19,44.25,63.5,,
AC 394,AC 394,31.01,1.55,24.4,121.8,0.575,168.5,31.2,,
AC 402,AC402,31.01,3.4,61.4,,39.44,61.42,65.3,,
AC 407,AC407,31.01,2.8,66.3,,39.41,105.25,234.9,,
AC 408,,31.01,,,,,,,,
AC 411,AC 411,31.01,2.85,85.35,119.8,8.3625,154.8,65.2,,
AC 422,,31.01,1,,,,,,,
AC 426,,31.01,2.9,28,,,,,,
AC 428,AC 428,31.01,2.4,25,115.8,10.55,153.7,160.5,,
AC 429,AC429,31.01,2.6,64.65,,77.48,101.42,176.2,,
AC 431,AC431,31.01,2.3,33.25,,37.06,72.25,59.7,,
AC 432,,31.01,2.35,43,,,,,,
AC 434,AC 434,31.01,3.5,76.25,113.6,4.2625,154,69.8,,
AC 436,AC 436,31.01,,,70.7,0.4375,95.4,13.1,,
AC 437,AC 437,31.01,,,122.3,16.8625,150.7,180.7,,
AC 438,AC438,31.01,2.95,68.3,,21.64,68.38,57.4,,
AC 439,,31.01,,,,,,,,
AC 442,AC 442,31.01,,51.35,129.4,6.0375,168.8,162.6,,
AC 443,AC443,31.01,2.8,58.4,,89.48,116.75,83.5,,
AC 446,AC446,31.01,3.6,86.9,,11.68,134,169.6,,
AC 447,,31.01,,,,,,,,
AC 448,AC448,31.01,2.4,70.4,,21.63,161.3,178.9,122.58,468.1
AC 449,,31.01,3.8,33,,,,,,
AC 452,AC452,31.01,1.86666666666667,65.7,,71.48,110,127.8,,
AC 453,AC 453,31.01,3,65,137.8,2.2125,181.7,36.8,,
AC 454,AC 454,31.01,2.2,30.5,130.3,45.3875,170.8,76.3,,
AC 457,AC 457,31.01,,26.9,70.1,2.225,120,27.9,,
AC 458,AC458,31.01,,80.05,,10.9,106.42,75.8,,
AC 466,AC466,31.01,3.4,14.25,,178.55,25.71,196.7,,
AC 468,AC468,31.01,1.8,23.6,,5.38,53,15.9,,
AC 469,AC 469,31.01,3,13.8,105.7,49.9625,140.4,141.6,,
AC 470,,31.01,,28.95,,,,,,
AC 471,AC 471,31.01,,,47,0.15,70.8,28.7,,
AC 472,AC472,31.01,1.5,8,,19.05,187.3,132.8,117.5,613.6
AC 473,AC 473,31.01,2.3,,122.5,5.3,168.3,36.5,,
AC 475,AC 475,31.01,1.95,,129.1,0.166666667,177.8,94,,
AC 476,,31.01,,,,,,,,
AC 480,AC 480,31.01,1,22.4,26,1.866666667,32.2,9.7,,
AC 481,,31.01,,,,,,,,
AC 482,AC482,31.01,2.8,77.4,,32.94,116,175,,
AC483,AC483,31.01,,,,8.52,82.25,13.6,,
AC 486,AC 486,31.01,2.1,,123,27.4375,167.8,235.3,,
AC 487,AC487,31.01,2.1,62.5,,89.64,84.67,261.1,,
AC 490,,31.01,,14.75,,,,,,
AC 491,,31.01,,,,,,,,
AC 492,AC 492,31.01,3.6,29.85,115.7,22.7875,155.5,38.9,,
AC 494,AC494,31.01,2.5,61.25,,90.56,116.67,254.1,,
AC 495,AC495,31.01,2.4,17.8,,51.6,182.7,92.7,101.33,103.8
AC 497,AC 497,31.01,,28.75,66.7,4.75,85,136.2,,
AC 498,AC 498,31.01,,20.75,74.3,0.316666667,92.5,29.5,,
AC 504,AC504,31.01,2.5,22.5,,40.03,82.63,455.4,,
AC 506,AC506,31.01,1.2,51.3,,53.63,44.42,40.7,,
AC 507,AC507,31.01,3.5,53.75,,131.31,125.25,289.3,,
AC 508,AC 508,31.01,3.4,9.5,100.8,13.75,142,96.3,,
AC 510,AC 510,31.01,,29.25,66,31.53333333,91.3,70.7,,
AC 511,,31.01,,,,,,,,
AC 512,,31.01,,26.05,,,,,,
AC 515,AC515,31.01,3.4,45.3,,44,59,143.9,,
AC 516,,31.01,1.75,14.55,,,,,,
AC 520,,31.01,,,,,,,,
AC 532,,31.01,,,,,,,,
AC 533,AC533,31.01,3,,,46.34,133.75,546,,
AC 535,AC 535,31.01,,,58.8,0.025,81.3,118.8,,
AC 540,,31.01,,,,,,,,
AC 547,AC 547,31.01,,33.95,62.2,0.325,89.3,2.5,,
AC 552,AC552,31.01,1.7,38.7,,24.28,57.25,19.1,,
AC 554,AC 554,31.01,,,74.2,4.85,116.2,53,,
AC 556,AC 556,31.01,,22.95,36.5,10.56,44,,,
AC 557,AC 557,31.01,2.55,,59.8,15.8625,81.8,50.8,,
AC 558,,31.01,2.65,,,,,,,
AC 559,AC 559,31.01,,24.7,122.9,2.3,164.7,42.4,,
AC 560,,31.01,,,,,,,,
AC 563,,31.01,,,,,,,,
AC 564,AC564,31.01,2.8,46.8,,27.58,110.88,424.5,,
AC 567,AC 567,31.01,,21.05,47.8,5.6,68,47.3,,
AC 568,AC568,31.01,1,24.925,,66.35,28.38,154.8,,
AC 569,,31.01,,,,,,,,
AC 570,AC570,31.01,2.4,69.4,,60.14,120.67,239.4,,
AC 571,,31.01,1.95,43.45,,,,,,
AC 574,AC 574,31.01,,4.75,75.1,3.9375,91.9,42.3,,
AC 577,AC 577,31.01,,26.75,64.8,0.5,84,49.5,,
AC 580,AC580,31.01,2.4,58.25,,152.7,119.54,519.6,,
AC 583,AC583,31.01,3.4,68.1,,43.41,121.71,538.9,,
AC 585,AC 585,31.01,3.3,32.55,118,0,175,0.1,,
AD 1,,31.09,,18.25,,,,,,
AD 17,AD 17,31.09,,38.1,106.6,62.775,147.5,131.9,,
AD 18,AD 18,31.09,,11.275,56.8,0,97.2,4.4,,
AD 19,AD19,31.09,1.98666666666667,59.5,,103.53,103.5,158.4,,
AD 20,AD 20,31.09,,31.55,48.8,5.083333333,45.8,9.7,,
AD 22,,31.09,,,,,,,,
AD 24,AD24,31.09,2.8,9.13333333333333,,14.38,49.69,294,,
AD 28,AD28,31.09,2.1,31.7,,14.3,88.63,268.9,,
AD 30,AD30,31.09,1.7,22.25,,46.6,38.25,20.5,,
AD 37,AD37,31.09,1.2,12.65,,43.34,87.75,121.4,,
AD 38,,31.09,,,,,,,,
AD 40,AD40,31.09,1.55,13,,12.39,137,84.2,71.83,24.9
AD 41,AD 41,31.09,,,68.5,3.166666667,87,30.6,,
AD 51,AD51,31.09,2.2,27.65,,94.42,97.21,462.7,,
AD 55,AD55,31.09,2.15,25.2,,26.06,105.79,316.1,,
AD 56,AD56,31.09,,11.4,,20.15,88.38,78.5,,
AD 57,AD57,31.09,,57.55,,51.97,66,92.8,,
AD 66,,31.09,,,,,,,,
AD 67,,31.09,1.4,10.4,,,,,,
AD 71,AD71,31.09,3.2,54.85,,76.28,80.44,112.5,,
AD 79,AD79,31.09,3.2,,,24.21,180.6,39,84.19,415
AD 80,AD80,31.09,1.8,35.9,,19.81,109.33,310.3,,
AD 83,,31.09,,,,,,,,
AD 86,AD 86,31.09,,,23.3,0.45,33.1,11.2,,
AD 87,AD87,31.09,2.2,30.6,,16.55,92.75,46.6,,
AD 90 ,AD90,31.09,2.3,45.95,,126.25,82.75,58.7,,
AD 91,AD91,31.09,1.54666666666667,16.4,,15.05,47.25,46.7,,
AD 95,AD95,31.09,1.8,37.15,,66.48,85.42,47.7,,
AD 96,AD96,31.09,4,51.3,,75.46,129.67,826.6,,
AD 97,AD 97,31.09,1.25,,56.3,0.5,84.7,109.6,,
AD 100,AD 100,31.09,,,86.8,0.1125,96.3,205.7,,
AD 101,AD101,31.09,2,,,25.95,90.63,132,,
AD 103,,31.09,,,,,,,,
AD 111,AD 111,31.09,1.6,35.7,118.4,13.925,169.2,80.1,,
AD 114,AD114,31.09,2.3,35.9,,71.39,119.92,354.1,,
AD 115,AD115,31.09,,17.65,,92.79,64.46,22.8,,
AD 116,AD116,31.09,2.6,27.65,,34.08,97.88,172.2,,
AD 117,AD117,31.09,,13.6666666666667,,81.94,95,218.4,,
AD 118,,31.09,,14.7,,,,,,
AD 119,,31.09,,4.8,,,,,,
AD 121,,31.09,2.5,17.3,,,,,,
AD 122,,31.09,2.8,,,,,,,
AD 123,AD123,31.09,1.15,9.7,,42.9,74.5,16,,
AD 125,AD125,31.09,3.2,29.175,,77.47,83.92,484.9,,
AD 131,,31.09,,58.6,,,,,,
AD 136,AD136,31.09,2.9,20.2666666666667,,45.91,111.67,279.9,,
AD 138,AD138,31.09,1.7,15.6,,38.11,172.8,197.7,128.92,55.5
AD 139,,31.09,,30.75,,,,,,
AD 145,AD 145,31.09,3.1,,106.7,1.7,154.7,141.4,,
AD 156,,31.09,1.8,12,,,,,,
AD 162,AD162,31.09,1.4,27.9,,56.34,92.04,185.8,,
AD 163,AD163,31.09,2,20.4,,53.08,121.17,6.3,,
AD 165,AD165,31.09,,13.8,,57.1,86.25,318,,
AD 166,,31.09,,11.7,,,,,,
AD 167,AD167,31.09,3.1,57.05,,13.41,125.25,348.2,,
AD 169,,31.09,,38.5,,,,,,
AD 170,,31.09,2.5,15.3,,,,,,
AD 171,,31.09,,,,,,,,
AD 172,AD 172,31.09,2.5,50.95,98.8,3.516666667,149,13.7,,
AD 173,,31.09,,26.85,,,,,,
AD 180,,31.09,1.3,13.25,,,,,,
AD 182,,31.09,,10.35,,,,,,
AD 183,,31.09,,24.95,,,,,,
AD 184,AD184,31.09,1.3,20.2,,24.92,123.88,164.9,,
AD 185,AD185,31.09,2.02333333333333,44.2,,76.6,96.83,525,,
AD 187,AD 187,31.09,2.5,29.4,128.6,50.6125,187.4,128.5,,
AD 191,,31.09,3.15,43.15,,,,,,
AD 192,AD192,31.09,4,17,,51.84,105.67,221.9,,
AD 193,AD193,31.09,2.3,31.6666666666667,,78.98,75.08,141.9,,
AD 196,AD 196,31.09,1.7,10.95,86.9,6.0875,133.8,70.3,,
AD 198,AD198,31.09,2.4,15.9,,19.3,20.25,177.6,,
AD 215,,31.09,,14.2,,,,,,
AD 217,AD217,31.09,2,66.4,,39.55,90.21,25.6,,
AD 224,AD224,31.09,,6.15,,3.89,,7.2,,
AD 233,AD233,31.09,2.9,15.95,,139.94,72.75,404.3,,
AD 243,,31.09,,42.5,,,,,,
AD 244,AD244,31.09,1,,,76.65,78.83,48.8,,
AD 246,AD246,31.09,2.3,28.75,,28.28,115.29,203.7,,
AD 247,AD247,31.09,2.5,42.3,,33.26,121,180,,
AD 251,AD251,31.09,1.9,75.1,,131.44,107.33,310.2,,
AD 253,AD253,31.09,1,34.95,,38.56,64.42,184.2,,
AD 254,,31.09,,,,,,,,
AD 255,AD255,31.09,2.9,62.6,,30.48,116.42,328.3,,
AD 258,AD258,31.09,1.2,6.2,,101.72,39.38,24.5,,
AD 259,AD259,31.09,1.8,15.3,,75.83,109.17,171.9,,
AD 261,AD261,31.09,,,,112.44,20.31,103.7,,
AD 263,,31.09,,5.1,,,,,,
AD 264,AD264,31.09,2.9,42.5,,106.16,95.5,244.8,,
AD 265,AD265,31.09,1.9,7.9,,34.91,103.25,208.8,,
AD 266,,31.09,,38.9,,,,,,
AD 271,AD271,31.09,,,,112.28,82.58,73.4,,
AD 272,AD 272,31.09,1,,67.3,1.05,101.2,3.5,,
AD 273,AD273,31.09,1.7,51.4,,34.91,132.54,313.8,,
AD 274,,31.09,,,,,,,,
AD 275,AD 275,31.09,,,40,0.025,71,0,,
AD 276,AD276,31.09,1.4,18.8,,16.65,20.38,220.5,,
AD 277,AD277,31.09,,20.6,,14.86,130.33,201.6,,
AD 279,AD 279,31.09,,,36.1,0,55.2,9.2,,
AD 282,AD282,31.09,1,9.26666666666667,,57.1,154.2,112.5,43.13,167.7
AD 283,,31.09,,12.35,,,,,,
AD 285,AD285,31.09,2.3,9,,25.49,68.63,193,,
AD 286,AD286,31.09,,32.4,,18.2,127.38,19.3,,
AD 287,,31.09,1.4,22.9,,,,,,
AD 288,AD288,31.09,2.3,40,,72.28,107.04,332.8,,
AD 289,AD289,31.09,2.95,46.7,,23.13,111.75,266.2,,
AD 290,,31.09,,14.25,,,,,,
AD 291,,31.09,,,,,,,,
AD 292,,31.09,,,,,,,,
AD 293,,31.09,,8.66666666666667,,,,,,
AD 294,,31.09,1,5.75,,,,,,
AD 296,AD 296,31.09,2.33,34.5,130.3,13.6125,175.3,21.5,,
AD 297,AD297,31.09,2.2,6.5,,28.36,41.79,13.8,,
AD 299,AD299,31.09,1.825,38.3,,49.96,116.17,430.4,,
AD 300,,31.09,,,,,,,,
AD 301,AD 301,31.09,,,64.6,0,89,2.9,,
AD 302,AD302,31.09,,32.8,,52.69,128.33,30,,
AD 303,AD303,31.09,3.1,45.85,,22.1,67.69,75.5,,
AD 304,,31.09,1.7,,,,,,,
AD 307,AD307,31.09,2.6,11.7,,123.42,102.25,351.4,,
AD 309,AD 309,31.09,,67.7,117.6,1.95,168.5,12.4,,
AD 312,AD312,31.09,3.6,15.5,,28.07,157.2,148.9,47.17,26.5
AD 317,AD 317,31.09,1,10.05,83.3,0,129,0,,
AD 325,AD 325,31.09,1.7,,122.3,26.2875,175.6,105,,
AD 333,,31.09,,3,,,,,,
AD 345,,31.09,,3.25,,,,,,
AD 349,AD349,31.09,2.9,6.65,,235.43,103.08,156.6,,
AD 357,AD357,31.09,,14.55,,42.18,82.5,138.2,,
AD 360,,31.09,,27.7,,,,,,
AD 361,AD361,31.09,2,19.2,,29.38,118.92,104.5,,
AD 389,,31.09,,,,,,,,
AD 392,AD392,31.09,2.3,8.3,,48.55,121.42,542.4,,
AD 393,AD 393,31.09,1.6,,123.5,4.05,169.7,21.5,,
AD 395,AD395,31.09,2.1,65.25,,121.25,157.33,196.4,,
AD 396,,31.09,,43.7,,,,,,
AD 400,AD 400,31.09,2.6,33.65,102.9,9.925,145.9,27.7,,
AD 401,,31.09,,32.85,,,,,,
AD 407,AD407,31.09,2.7,15.7,,35.57,125.08,349.6,,
AD 409,,31.09,,,,,,,,
AD 412,AD412,31.09,2.5,51.85,,223.27,192.8,64.7,67.5,93
AD 414,,31.09,,12.5,,,,,,
AD 415,,31.09,3.2,,,,11.25,,,
AD 416,,31.09,1,,,,,,,
AD 418,,31.09,,39.8,,,,,,
AD 423,,31.09,,8.8,,,,,,
AD 427,AD427,31.09,1.7,11.75,,82.45,43.46,35.4,,
AD 428,AD 428,31.09,2.3,,65.8,2.4125,107.8,109.4,,
AD 429,AD429,31.09,2.2,32,,36.91,145.2,46,91.46,160
AD 430,,31.09,,12.1,,,,,,
AD 434,,31.09,,25.95,,,19.75,,,
AD 436,,31.09,,7.65,,,,,,
AD437,,31.09,,,,,,,,
AD 439,,31.09,,23.6,,,,,,
AD 440,,31.09,,29.8,,,,,,
AD 441,AD441,31.09,,34.2,,71.93,78.79,94.8,,
AD 442,AD442,31.09,1.9,48.4,,197,50.88,9.2,,
AD 448,AD448,31.09,,8.1,,0.29,25.5,142.6,,
AD 456,,31.09,,22.45,,,,,,
AD 458,AD458,31.09,2.6,15.95,,10.1,73,331.4,,
AD 460,,31.09,1.3,21.25,,,,,,
AD 465,AD465,31.09,,47.05,,202.48,40.27,137.8,,
AD 467,,31.09,,,,,,,,
AD 474,AD 474,31.09,1.1,40.85,42.3,0.033333333,54,8.6,,
AD 476,AD 476,31.09,1.1,9.5,103.8,22.675,132,91.4,,
AD 481,AD481,31.09,,64.95,,76.07,111.83,262.2,,
AD 493,,31.09,,11,,,,,,
AD 496,,31.09,1.5,15.85,,,,,,
AD 499,,31.09,1.4,21.7,,,,,,
AD 502,,31.09,1.7,56.7,,,,,,
AD 503,,31.09,,10.1,,,,,,
AD 506,AD506,31.09,2.4,30.05,,51.28,110.5,465.6,,
AD 508,,31.09,,,,,,,,
AD 509,,31.09,,11.1,,,,,,
AD 525,AD 525,31.09,1.1,5.75,65.6,0.016666667,111.8,2.4,,
AD 527,,31.09,1.4,,,,,,,
AD 528,AD 528,31.09,,5.75,59.8,13.93333333,80,14,,
AD 529,,31.09,,,,,,,,
AD 530,,31.09,,47.75,,,,,,
AD 531,AD 531,31.09,,16.4,65.5,6.9375,107,207.1,,
AD 533,,31.09,1.2,15.3,,,,,,
AD 534,AD534,31.09,2.6,34.9,,28.79,101.83,110.7,,
AD 536,,31.09,,2.75,,,,,,
AD 555,AD555,31.09,,6.8,,68.4,105,18.5,,
AD 557,,31.09,,,,,,,,
AD 558,AD558,31.09,1.1,16.4,,39.95,103.7,210.5,67.83,128.5
AD 559,AD559,31.09,1.9,56.35,,15.19,85.58,454.8,,
AD 562,AD562,31.09,2.1,8.5,,148.37,47,599.7,,
AD 564,AD564,31.09,2.7,65.3,,41.38,119,79.2,,
AD 565,AD 565,31.09,2.2,,135.8,10.275,192.3,79.4,,
AD 570,AD 570,31.09,1.5,,66.3,38.85,107.7,61.5,,
AD 573,,31.09,,12,,,,,,
AD 575,,31.09,,,,,,,,
AD 578,,31.09,,23.15,,,,,,
AD 581,,31.09,,15.3,,,,,,
AD 582,,31.09,1,,,,,,,
AD 587,AD 587,31.09,,1.5,70.3,32.8,100,373.5,,
AD 590,,31.09,,,,,,,,
AD 594,AD 594,31.09,,,52.8,1.6,77.5,74.2,,
AD 596,,31.09,,10.2,,,,,,
AD 600,,31.09,,36.65,,,,,,
AD 602,,31.09,,79.15,,,,,,
AD 605,AD605,31.09,,7.95,,59.7,149.4,234,46.88,131.5
AD 607,AD607,31.09,,37.1,,15.84,84.1,74.4,,
AD 611,,31.09,,,,,,,,
AD 617,,31.09,,,,,,,,
AD 619,,31.09,,15.3,,,,,,
AD 624,AD 624,31.09,2.25,15.3,132.2,4.075,175.8,47.7,,
AD 626,,31.09,,28.15,,,,,,
AD 631,AD 631,31.09,2.4,23.35,106.6,5.1375,163.7,97.7,,
AD 638,AD638,31.09,2.4,71.05,,90.68,132,297.9,,
AD 641,AD641,31.09,2,26.45,,59.57,48.5,39.6,,
AD 645,AD 645,31.09,,16.1,62.2,15.1375,102.9,17.4,,
AD 653,AD653,31.09,1.6,24,,50.96,112.33,27.7,,
AD 654,AD654,31.09,2.4,23.5,,74.35,180.8,45.1,122.79,287.7
AD 655,,31.09,,11,,,,,,
AD 656,,31.09,,,,,,,,
AD 671,,31.09,,15.5,,,,,,
AD 677,AD 677,31.09,,35.85,132.5,0.0375,181.5,12.3,,
AD 705,AD705,31.09,3.3,10.95,,63.1,97.81,366.3,,
AD 708,AD708,31.09,2.6,46.5,,24.94,74.88,109.9,,
AD 709,AD 709,31.09,2.3,60.65,73.6,32.6125,122.8,85.2,,
AD 714,AD714,31.09,2.6,66.45,,58.46,166,60.5,117.58,421.6
AD 717,AD717,31.09,3.35,22.6,,86.64,185.3,19.7,81.83,92.7
AD 726,AD 726,31.09,,14.2,79.8,0,126.4,4,,
AD 745,,31.09,,6.4,,,,,,
AD 749,AD 749,31.09,2.4,35.55,95.1,47.175,138,160.2,,
AD 751,AD751,31.09,2.25,52.5,,76.97,103,92.3,,
AD 757,AD757,31.09,,,,54.24,18.5,,,
AD 762,AD762,31.09,,18.9,,48.34,76.92,160,,
AD 764,AD764,31.09,2.2,17.4,,43.71,129.92,574.3,,
AD 765,,31.09,,,,,,,,
AD 767,,31.09,,18.85,,,,,,
AD 771,,31.09,2.3,56.525,,,,,,
AD 773,AD 773,31.09,1.9,33.1,117.8,61.1,152.2,55.7,,
AD 783,AD783,31.09,2.8,4.4,,62.9,150.8,21,84.75,35
AD784,AD784,31.09,,,,31.43,106.25,264.1,,
AD 785,AD785,31.09,2.5,52.05,,28.85,73.21,321.1,,
AD 786,AD 786,31.09,,17.15,66,51.675,111.6,46.8,,
AD 789,AD789,31.09,1.8,63.65,,31.6,115.54,112.4,,
AD 791,,31.09,2.4,72.05,,,,,,
AD 802,,31.09,,16.5,,,,,,
AD 821,AD821,31.09,2.1,46.5,,24.98,72.25,159.1,,
AD 871,AD 871,31.09,,19.65,63.6,0.45,87,3,,
AD 569,AD569,31.09,1.8,27,,33,73.17,130.3,,
EA 1,EA1,31.09,,17.9,,217.57,49.31,388.2,,
EA 2,EA2,31.09,,18.5375,,92.64,25.5,259.9,,
EA 4,,31.09,,,,,,,,
EA 21,EA21,31.09,2.1,,,60.96,52.13,69.2,,
EA 12,,31.09,2.7,23.275,,,,,,
EA 16,EA16,31.09,,14.7,,30.88,49.75,107.7,,
EA 19,EA19,31.09,,39.35,,92.7,86.2,9.1,22.54,82.3
EA 24,,31.09,,19.45,,,,,,
EA 32,EA32,31.09,,28.6,,92.65,78.96,234.1,,
EA 43,EA43,31.09,1.9,59.6,,29.44,73.17,301.7,,138
EA 46,EA46,31.09,1.3,,,10.84,47.58,80.5,,
EA 47,EA47,31.09,,,,26.28,47.98,108.5,,
EA 49,EA49,31.09,1.89,30.8125,,35.16,88.33,80.1,,
MS1-1,,31.01,2.6,31.8125,9,24.4,,,,
MS1-3,MS1 3,31.01,3,52.4,133.67,52.8,171.6,22.5,,
MS1-4,,31.01,,,,,,,,
MS1-7,MS1 7 ,31.01,3.2,45.975,107,43,133.75,60,,
MS1-8,MS1 8 ,31.01,2.8,38.525,86,59.4,112.81,55.6,,447.7
MS1-12,MS1 12,31.01,3.25,54.399925,66,105.4,64.69,14,,
MS1-14,,31.01,1.55,,,,,,,
MS1-15,,31.01,2.25,,,,,,,
MS1-18,,31.01,,,,,,,,
MS1-19,MS1 19,31.01,2.5,26.401975,124.67,121.4,132.56,55.2,,
MS1-21,MS1 21,31.01,3.7,31,104.33,193.7,136.44,47.6,,
MS1-24,,31.01,1,22.8,,,,,,
MS1-26,,31.01,1.8,45.95,,,,,,
MS1-27,MS1 27,31.01,2.9075,45.325,128.67,91.7,138.25,48.2,,
MS1-28,MS1 28,31.01,2.4,20.1,122,36.2,88.42,485.7,139.19,62.7
MS1-29,,31.01,,24.55,,,,,,
MS1-31,MS1 31,31.01,2.27166666666667,30.858325,89,71.1,127.75,235.8,,
MS1-32,MS1 32,31.01,2.6,37.95,48,5.7,66,82.4,,
MS1-33,MS1 33,31.01,2.18333333333333,23.15,110.33,25.7,137.29,122.2,,
MS1-36,MS1 36,31.01,1.5,15.97925,24.33,1.29,37.5,34.1,,
MS1-38,,31.01,1.8,,,,,,,
MS1-39,MS1 39,31.01,,,30.5,0.5,,,,
MS1-41,MS1 41,31.01,2.13333333333333,35.026275,117.5,247.8,139.56,63.9,,
MS1-43,MS1 43,31.01,1,,67.5,0.5,65.5,75.7,,
MS1-44,MS1 44,31.01,2.05,57.975,118.33,22.1,139.25,60.1,,
MS1-45,,31.01,,56.33325,,,,,,
MS1-48,MS1 48,31.01,3.55,35.5,126.67,141,158.25,73.9,,
MS1-49,MS1 49,31.01,1.4,19.6,75.33,66.9,77.69,112.8,,
MS1-50,MS1 50,31.01,2,,93.33,22.9,100.75,84.7,,
MS1-51,MS1 51,31.01,2.47166666666667,30.125,120,17.5,148.75,86.3,,
MS1-52,MS1 52,31.01,,,52,,,,,
MS1-53,,31.01,,,,,,,,
MS1-55,MS1 55,31.01,1.46666666666667,23.55,42,55.1,32.13,173.6,35.75,24.6
MS1-56,MS1 56,31.01,1.075,19.5,44.33,16.4,44.94,13,,
MS1-62,MS1 62,31.01,2.8,29.716575,153.33,14.2,190,125.9,,
MS1-63,MS1 63,31.01,1.3,,43.5,31.5,64,13.4,,
MS1-65,MS1 65,31.01,2.4,55.95,116.33,34.5,146.63,41.8,,
MS1-68,,31.01,1,53.3,,,,,,
MS1-69,,31.01,,,,,,,,
MS1-71,MS1 71,31.01,3.7,47.2,132.67,64.4,178.71,58.4,,
MS1-72,MS1 72,31.01,3.65,30.95,113.67,5.2,135.2,15.9,,
MS1-73,MS1 73,31.01,1.36666666666667,39.8,31.33,44.8,48.25,176.2,34.71,13
MS1-77,,31.01,,11.65,,,,,,
MS1-84,MS1 84,31.01,1,51.625,39.67,3.8,30.25,31.7,,
MS1-86,MS1 86,31.01,3.6,56.475,139.33,27.1,163.57,44.8,,
MS1-87,MS1 87,31.01,3.55,42.025,117.33,43.2,131.33,63.3,,
MS1-89,MS1 89,31.01,3.4,,127.5,41,178.5,137.3,,
MS1-90,MS1 90,31.01,3.9,46.35,106.33,53.7,109.81,17.4,,
MS1-93,MS1 93,31.01,1,10.416675,31.67,9.7,22.56,10.7,,
MS1-94,MS1 94,31.01,3.35,43.56875,129.33,131.3,175.38,27.6,,
MS1-95,MS1 95,31.01,3.1,29.075,125.67,148.6,70.54,172,166.17,8.3
MS1-96,MS1 96,31.01,2.8,33.85,113.33,29.2,137.9,84.7,,
MS1-97,MS1 97,31.01,3.4,39.85,107.33,115.5,138.5,77.7,,
MS1-98,MS1 98,31.01,,,,,167,2.3,,
MS1-99,MS1 99,31.01,2.346,26.725,128.33,17.5,183.86,63.3,,
MS1-102,MS1 102,31.01,2,23.6,64,30.8,,,,
MS1-103,MS1 103,31.01,2.9,36.01105,100.5,10.4,151.57,56.1,,
MS1-105,MS1 105,31.01,1.7,,49,156.8,54,114.1,,
MS1-106,MS1 106,31.01,1,22.8,77.33,60.1,88.5,20.4,,1480
MS1-107,,31.01,,,,,,,,
MS1-113,MS1 113,31.01,,,31.67,4.5,42,45.7,,
MS1-114,MS1 114,31.01,,,,,78.3,3.6,,
MS1-117,MS1 117,31.01,3,,157,65,208,73.2,,
MS1-119,MS1 119,31.01,3.8,42.775,56.33,5,52.2,15.4,,
MS1-120,MS1 120,31.01,,,26.8,0,,,,
MS1-122,MS1 122,31.01,3.3,39.7,149.33,3.7,173,68.9,100.56,26.7
MS1-125,MS1 125,31.01,2.95,47.05,161,55.6,192.13,32.6,,
MS1-126,,31.01,1,,,,,,,
MS1-127,MS1 127,31.01,1.23333333333333,25.55,92.67,255,119.13,27.2,93.44,19.5
MS1-128,MS1 128,31.01,2.13333333333333,41.4375,108,47.8,169.88,44.9,,
MS1-129,,31.01,1,40.35,,,,,,
MS1-130,MS1 130,31.01,3.35,36.7,138,27.2,187.5,68.5,,238.6
MS1-132,MS1 132,31.01,3.4,47.35,100.33,97.1,134.6,56,91.25,457.4
MS1-133,,31.01,,,,,,,,
MS1-138,MS1 138,31.01,3.6,41.05,67.4,0.8,120.38,53.3,,29.83
TB3,TB 3,31.09,2,44.25,79.8,45.6,,28.8,177.8,241.3
TB4,TB 4,31.09,3.5,45.357025,87.7,10.4,,,,
TB5,TB 5,31.09,1.03333333333333,5.1,12.3,,,,,
TB6,,31.09,,,,,29,,,
TB7,TB 7,31.09,3.6,35.116675,85.1,12.3,,,,
TB8,TB 8,31.09,3.8,29.05,87.7,31,,,,
TB10,,31.09,,22.25,,,,,,
TB11,,31.09,3.1,45.60715,,,,,,
TB12,TB 12,31.09,3.6,33.8333,96.1,0.1,,,,
TB13,TB 13,31.09,1.7,52.7,89.4,4.5,,,,
TB16,TB 16,31.09,,20,11.3,,,,,
TB18,TB 18,31.09,1.03333333333333,16.15,64.2,32.2,,,,
TB19,TB 19,31.09,3.1,27.225,,74.21,119.92,112.8,160.63,116.5
TB21,,31.09,3.5,14.65,,,109.88,301,,43.4
TB22,TB 22,31.09,4,,85.5,14.5,,1021.2,,
TB23,,31.09,,4.6,,,,,,
TB24,,31.09,1,,,,,,,
TB26,TB 26,31.09,3.9,46.3,106.2,0.7,,,,
TB28,TB 28,31.09,3.2,20.05,80.8,0.2,,,,
TB31,,31.09,,5.55,,,,,,
TB32,,31.09,,10.5,,,,,,
TB33,TB 33,31.09,1.35,3.2,13.2,3.4,,,,
TB34,TB 34,31.09,3.7,21.124925,94.7,3.6,,,,
TB35,TB 35,31.09,2.9,5.6,,78.96,68.31,65.9,124.29,92.1
TB36,TB 36,31.09,3.4,40.05,68.3,2.4,,551.3,,
TB37,TB 37,31.09,3.3,18.160625,68.6,16.2,120.9,84.1,,
TB38,,31.09,2.7,22.05,,,,,,
TB39,TB 39,31.09,3,28.25,25.4,29.9,,,,
TB40,TB 40,31.09,2.8,37.96895,86.5,35.4,,,,
TB42,,31.09,2.1,37.4,,,,,,
TB44,TB 44,31.09,3.6,27.972125,90.3,2.6,,,,
TB45,TB 45,31.09,,7.95,71.2,2.6,,,,
TB46,TB 46,31.09,1.75666666666667,7.75,40.2,0.8,,747.4,,
TB47,TB 47,31.09,3.5,13.75,25.1,0,,764.4,,
TB48,TB 48,31.09,3.4,38.928525,63.3,32,,361.3,,
TB49,TB 49,31.09,3.2,,82.5,0.1,100.83,33,,38.5
TB50,TB 50,31.09,3.9,19.35,91.4,4.3,,,,
TB51,,31.09,,,,,,,,
TB52,,31.09,1,,,,50.5,80.1,,10.75
TB57,,31.09,1,3.75,,,,,,
TB58,,31.09,,,,,,,,
TB59,,31.09,,13.75,,,,,,
TB60,,31.09,,14.45,,,,,,
TB61,TB 61,31.09,2.65,33.3215,94.6,1.4,,,,
TB62,TB 62,31.09,3.8,24.25,73.3,0.5,,,,
TB63,TB 63,31.09,1,,6,,,,,
TB65,TB 65,31.09,2.8,17.275,65.7,155.5,,,,
TB66,TB 66,31.09,3.7,4.7,87.6,19.7,,,,
TB67,TB 67,31.09,,,81.5,9,72.3,55.1,,
TB68,TB 68,31.09,3,48.5625,66,5.5,,,,
TB69,TB 69,31.09,2.93333333333333,38.388775,41.5,0,,266.3,110.75,201.8
TB70,TB 70,31.09,3.5,,25.7,,,,,
TB71,TB 71,31.09,1.05,,6.3,3.3,,,,
TB73,TB 73,31.09,3.9,24.25005,59.3,1.6,,,,
TB75,,31.09,,63.5,,,,,,
TB76,TB 76,31.09,1,19.375,35.9,1,,,,
TB78,TB 78,31.09,3.4,19.05,68.3,2,,,,
TB79,TB 79,31.09,1.5,24,9,,,,,
TB80,,31.09,,6.85,,,,,,
TB82,,31.09,2,17.6,,,,,,
TB83,TB 83,31.09,3.8,19.7,52.3,60.7,,,,
TB86,TB 86,31.09,2.8,6.85,94.7,1.1,,,,
TB87,TB 87,31.09,4,30.696375,87.3,0.9,,195.8,,
TB88,TB 88,31.09,1.46666666666667,4.85,26,10.5,,,,
TB90,TB 90,31.09,2.0425,29.82075,35.5,17.2,123.38,333.7,,137.88
TB91,TB 91,31.09,3.5,6.5,71.4,1.1,,,,
TB92,TB 92,31.09,3,19.527825,64.7,7.8,,249.1,,
TB94,,31.09,,,,,,,,
TB95,TB 95,31.09,3.9,,71.9,4.9,,,,
TB96,TB 96,31.09,,31.2,7.3,,,,,
TB97,TB 97,31.09,3.3,22.125,55.6,5.1,,,,
TB100,TB 100,31.09,3.4,23.45,59.6,5.6,,,,
TB101,,31.09,,,,,,,,
TB102,TB 102,31.09,2.1,40.75,40.3,6.5,,,,
TB104,,31.09,,34.9,,,,,,
TB105,TB 105,31.09,1.1,38.6,19.7,32.8,,,,
TB108,TB108,31.09,1,38.3,,141.43,60.81,26.9,,
TB109,TB 109,31.09,4,59.5,84.2,52.1,,112.1,,
TB111,TB 11,31.09,,21.75,85.7,5.5,,,,
TB112,,31.09,1.88333333333333,19.25,,,,,,
TB115,,31.09,,18,,,,,,
TB120,TB120,31.09,1,7.2,,21.85,40.38,5.3,,
