CAL_Wip_ID,genotype,Female_Parent,CG_Avg,PHY_Avg,3Y_length,3Y_RLN
AC 1,AC 1,31.01,2.5,48.5,112.4,7.6
AC 2,AC2,31.01,1.4,67.8,103.67,14.7
AC 3,AC 3,31.01,1.9,13.7,47.8,65.8
AC 5,AC 5,31.01,1,54.1,77.7,8.9
AC 7,AC 7,31.01,2.15,71.05,171,112.5
AC 16,AC16,31.01,1.3,65.2,106.38,674.1
AC 20,AC 20,31.01,2.6,54.9,178.5,59.1
AC 22,AC22,31.01,2.4,74.95,99.46,271.5
AC 23,AC23,31.01,2.6,71.2,128.04,66.1
AC 24,AC24,31.01,3.2,43.7,53.98,427.4
AC 27,AC27,31.01,2.85,68.15,111.79,520.6
AC 29,AC29,31.01,3,65.35,129.33,871.9
AC 30,AC30,31.01,1.55,52.55,133.71,279
AC 35,AC35,31.01,2.8,71.7,111.98,96
AC 49,AC49,31.01,1.7,78.75,102.08,114.2
AC 52,AC52,31.01,2.6,84.3,131.5,117
AC 53,AC 53,31.01,3.3,73.45,161.6,43.5
AC 54,AC54,31.01,1.4,8.5,47.88,91.2
AC 57,AC57,31.01,3,67.3,113.63,379.2
AC 68,AC 68,31.01,1.85,76.55,134.7,20
AC 73,AC 73,31.01,1.1,25.25,77.3,42.5
AC 76,AC76,31.01,2.4,77.05,110.13,265.3
AC 79,AC79,31.01,1.53333333333333,66.7,134.17,98
AC 82,AC 82,31.01,1.8,19.7,150,138.5
AC 83,AC83,31.01,2.5,66,101.25,244.1
AC 103,AC103,31.01,2.5,82.85,131,254.2
AC 112,AC112,31.01,2.3,66.55,116,184.9
AC 120,AC120,31.01,3.2,61,30.13,149.7
AC 134,AC 134,31.01,2.6,61.7,167.5,39
AC 135,AC 135,31.01,1.85,38.75,168.7,79
AC 141,AC 141,31.01,3,58.75,156.3,135.3
AC 145,AC 145,31.01,3.6,49.5,167.8,29.6
AC 148,AC148,31.01,2.4,73.15,107.42,116
AC 153,AC153,31.01,2.85,52.15,66.33,214.5
AC 155,AC 155,31.01,2.25,29.05,184.2,228.8
AC 160,AC 160,31.01,1.55,5.05,118.4,48.8
AC 163,AC 163,31.01,3,47.3,179.2,114.6
AC 164,AC 164,31.01,3.5,8.95,162.8,44.9
AC 175,AC 175,31.01,3.3,10,179.2,78.4
AC 176,AC 176,31.01,2.7,38.5,82.7,165.3
AC 179,AC179,31.01,2.5,74.55,91.25,68.2
AC 182,AC 182,31.01,2.65,10.75,194,42.4
AC 184,AC 184,31.01,2.1,35,160.2,7.1
AC 189,AC 189,31.01,2.9,19.65,188.3,66.4
AC 190,AC 190,31.01,3.6,49.75,163.3,53.4
AC 206,AC 206,31.01,2.25,31.9,149,50.6
AC 217,AC217,31.01,2.6,64.9,93.92,221.6
AC 221,AC221,31.01,3.4,78.05,113.21,274.4
AC 222,AC 222,31.01,2,24.75,149.1,163.3
AC 225,AC 225,31.01,2.2,27.7,167.3,35.9
AC 234,AC234,31.01,2.8,74.575,128.25,77.5
AC 242,AC 242,31.01,1.95,25.25,191.2,45.2
AC 255,AC255,31.01,2.9,76.95,122.67,184
AC 257,AC 257,31.01,2.45,36.45,161.3,95.3
AC 258,AC 258,31.01,2.35,22.75,163.8,46
AC 261,AC 261,31.01,1.2,29,110.5,121.5
AC 262,AC262,31.01,3.2,66.15,132.17,300.6
AC 267,AC 267,31.01,3.1,62.4,190,43.3
AC 268,AC 268,31.01,1.9,25.15,168.5,60.8
AC 272,AC272,31.01,2.3,58.9,96.88,243.5
AC 273,AC 273,31.01,2.05,24.65,202.7,104.2
AC 276,AC276,31.01,1,19.85,68.58,231.3
AC 277,AC277,31.01,2.5,37.3,47.58,127.8
AC 278,AC 278,31.01,2,17.4,64.2,44.8
AC 280,AC 280,31.01,2.95,32.4,185.5,119.4
AC 284,AC284,31.01,2.1,47.35,84.25,414.8
AC 292,AC 292,31.01,1,25.5,62.5,55.5
AC 301,AC301,31.01,2.9,43.1,95.69,19.1
AC 310,AC 310,31.01,1.4,17.85,109.7,91.8
AC 312,AC312,31.01,2.7,22.1,50.38,11.1
AC 315,AC 315,31.01,2.85,12.5,193.3,50.1
AC 318,AC 318,31.01,2.45,35.7,177.7,54.9
AC 323,AC 323,31.01,2.375,17.35,175.2,100.6
AC 324,AC 324,31.01,2,36.7,64.3,24.6
AC 346,AC 346,31.01,2.5,30.5,183.5,155.5
AC 347,AC 347,31.01,1.8,21.65,103,6.5
AC 350,AC 350,31.01,3.1,19,139.5,37.1
AC 354,AC 354,31.01,1.9,11,205.2,26.7
AC 356,AC 356,31.01,3.4,37.85,214.3,30.6
AC 363,AC 363,31.01,3.3,26.15,109.8,47.9
AC 367,AC 367,31.01,2.1,27.25,163.7,211.7
AC 385,AC385,31.01,3.1,56.7,137.25,78.4
AC 394,AC 394,31.01,1.55,24.4,168.5,31.2
AC 402,AC402,31.01,3.4,61.4,61.42,65.3
AC 407,AC407,31.01,2.8,66.3,105.25,234.9
AC 411,AC 411,31.01,2.85,85.35,154.8,65.2
AC 428,AC 428,31.01,2.4,25,153.7,160.5
AC 429,AC429,31.01,2.6,64.65,101.42,176.2
AC 431,AC431,31.01,2.3,33.25,72.25,59.7
AC 434,AC 434,31.01,3.5,76.25,154,69.8
AC 438,AC438,31.01,2.95,68.3,68.38,57.4
AC 443,AC443,31.01,2.8,58.4,116.75,83.5
AC 446,AC446,31.01,3.6,86.9,134,169.6
AC 448,AC448,31.01,2.4,70.4,161.3,178.9
AC 452,AC452,31.01,1.86666666666667,65.7,110,127.8
AC 453,AC 453,31.01,3,65,181.7,36.8
AC 454,AC 454,31.01,2.2,30.5,170.8,76.3
AC 466,AC466,31.01,3.4,14.25,25.71,196.7
AC 468,AC468,31.01,1.8,23.6,53,15.9
AC 469,AC 469,31.01,3,13.8,140.4,141.6
AC 472,AC472,31.01,1.5,8,187.3,132.8
AC 480,AC 480,31.01,1,22.4,32.2,9.7
AC 482,AC482,31.01,2.8,77.4,116,175
AC 487,AC487,31.01,2.1,62.5,84.67,261.1
AC 492,AC 492,31.01,3.6,29.85,155.5,38.9
AC 494,AC494,31.01,2.5,61.25,116.67,254.1
AC 495,AC495,31.01,2.4,17.8,182.7,92.7
AC 504,AC504,31.01,2.5,22.5,82.63,455.4
AC 506,AC506,31.01,1.2,51.3,44.42,40.7
AC 507,AC507,31.01,3.5,53.75,125.25,289.3
AC 508,AC 508,31.01,3.4,9.5,142,96.3
AC 515,AC515,31.01,3.4,45.3,59,143.9
AC 552,AC552,31.01,1.7,38.7,57.25,19.1
AC 564,AC564,31.01,2.8,46.8,110.88,424.5
AC 568,AC568,31.01,1,24.925,28.38,154.8
AC 570,AC570,31.01,2.4,69.4,120.67,239.4
AC 580,AC580,31.01,2.4,58.25,119.54,519.6
AC 583,AC583,31.01,3.4,68.1,121.71,538.9
AC 585,AC 585,31.01,3.3,32.55,175,0.1
AD 19,AD19,31.09,1.98666666666667,59.5,103.5,158.4
AD 24,AD24,31.09,2.8,9.13333333333333,49.69,294
AD 28,AD28,31.09,2.1,31.7,88.63,268.9
AD 30,AD30,31.09,1.7,22.25,38.25,20.5
AD 37,AD37,31.09,1.2,12.65,87.75,121.4
AD 40,AD40,31.09,1.55,13,137,84.2
AD 51,AD51,31.09,2.2,27.65,97.21,462.7
AD 55,AD55,31.09,2.15,25.2,105.79,316.1
AD 71,AD71,31.09,3.2,54.85,80.44,112.5
AD 80,AD80,31.09,1.8,35.9,109.33,310.3
AD 87,AD87,31.09,2.2,30.6,92.75,46.6
AD 90 ,AD90,31.09,2.3,45.95,82.75,58.7
AD 91,AD91,31.09,1.54666666666667,16.4,47.25,46.7
AD 95,AD95,31.09,1.8,37.15,85.42,47.7
AD 96,AD96,31.09,4,51.3,129.67,826.6
AD 111,AD 111,31.09,1.6,35.7,169.2,80.1
AD 114,AD114,31.09,2.3,35.9,119.92,354.1
AD 116,AD116,31.09,2.6,27.65,97.88,172.2
AD 123,AD123,31.09,1.15,9.7,74.5,16
AD 125,AD125,31.09,3.2,29.175,83.92,484.9
AD 136,AD136,31.09,2.9,20.2666666666667,111.67,279.9
AD 138,AD138,31.09,1.7,15.6,172.8,197.7
AD 162,AD162,31.09,1.4,27.9,92.04,185.8
AD 163,AD163,31.09,2,20.4,121.17,6.3
AD 167,AD167,31.09,3.1,57.05,125.25,348.2
AD 172,AD 172,31.09,2.5,50.95,149,13.7
AD 184,AD184,31.09,1.3,20.2,123.88,164.9
AD 185,AD185,31.09,2.02333333333333,44.2,96.83,525
AD 187,AD 187,31.09,2.5,29.4,187.4,128.5
AD 192,AD192,31.09,4,17,105.67,221.9
AD 193,AD193,31.09,2.3,31.6666666666667,75.08,141.9
AD 196,AD 196,31.09,1.7,10.95,133.8,70.3
AD 198,AD198,31.09,2.4,15.9,20.25,177.6
AD 217,AD217,31.09,2,66.4,90.21,25.6
AD 233,AD233,31.09,2.9,15.95,72.75,404.3
AD 246,AD246,31.09,2.3,28.75,115.29,203.7
AD 247,AD247,31.09,2.5,42.3,121,180
AD 251,AD251,31.09,1.9,75.1,107.33,310.2
AD 253,AD253,31.09,1,34.95,64.42,184.2
AD 255,AD255,31.09,2.9,62.6,116.42,328.3
AD 258,AD258,31.09,1.2,6.2,39.38,24.5
AD 259,AD259,31.09,1.8,15.3,109.17,171.9
AD 264,AD264,31.09,2.9,42.5,95.5,244.8
AD 265,AD265,31.09,1.9,7.9,103.25,208.8
AD 273,AD273,31.09,1.7,51.4,132.54,313.8
AD 276,AD276,31.09,1.4,18.8,20.38,220.5
AD 282,AD282,31.09,1,9.26666666666667,154.2,112.5
AD 285,AD285,31.09,2.3,9,68.63,193
AD 288,AD288,31.09,2.3,40,107.04,332.8
AD 289,AD289,31.09,2.95,46.7,111.75,266.2
AD 296,AD 296,31.09,2.33,34.5,175.3,21.5
AD 297,AD297,31.09,2.2,6.5,41.79,13.8
AD 299,AD299,31.09,1.825,38.3,116.17,430.4
AD 303,AD303,31.09,3.1,45.85,67.69,75.5
AD 307,AD307,31.09,2.6,11.7,102.25,351.4
AD 312,AD312,31.09,3.6,15.5,157.2,148.9
AD 317,AD 317,31.09,1,10.05,129,0
AD 349,AD349,31.09,2.9,6.65,103.08,156.6
AD 361,AD361,31.09,2,19.2,118.92,104.5
AD 392,AD392,31.09,2.3,8.3,121.42,542.4
AD 395,AD395,31.09,2.1,65.25,157.33,196.4
AD 400,AD 400,31.09,2.6,33.65,145.9,27.7
AD 407,AD407,31.09,2.7,15.7,125.08,349.6
AD 412,AD412,31.09,2.5,51.85,192.8,64.7
AD 427,AD427,31.09,1.7,11.75,43.46,35.4
AD 429,AD429,31.09,2.2,32,145.2,46
AD 442,AD442,31.09,1.9,48.4,50.88,9.2
AD 458,AD458,31.09,2.6,15.95,73,331.4
AD 474,AD 474,31.09,1.1,40.85,54,8.6
AD 476,AD 476,31.09,1.1,9.5,132,91.4
AD 506,AD506,31.09,2.4,30.05,110.5,465.6
AD 525,AD 525,31.09,1.1,5.75,111.8,2.4
AD 534,AD534,31.09,2.6,34.9,101.83,110.7
AD 558,AD558,31.09,1.1,16.4,103.7,210.5
AD 559,AD559,31.09,1.9,56.35,85.58,454.8
AD 562,AD562,31.09,2.1,8.5,47,599.7
AD 564,AD564,31.09,2.7,65.3,119,79.2
AD 624,AD 624,31.09,2.25,15.3,175.8,47.7
AD 631,AD 631,31.09,2.4,23.35,163.7,97.7
AD 638,AD638,31.09,2.4,71.05,132,297.9
AD 641,AD641,31.09,2,26.45,48.5,39.6
AD 653,AD653,31.09,1.6,24,112.33,27.7
AD 654,AD654,31.09,2.4,23.5,180.8,45.1
AD 705,AD705,31.09,3.3,10.95,97.81,366.3
AD 708,AD708,31.09,2.6,46.5,74.88,109.9
AD 709,AD 709,31.09,2.3,60.65,122.8,85.2
AD 714,AD714,31.09,2.6,66.45,166,60.5
AD 717,AD717,31.09,3.35,22.6,185.3,19.7
AD 749,AD 749,31.09,2.4,35.55,138,160.2
AD 751,AD751,31.09,2.25,52.5,103,92.3
AD 764,AD764,31.09,2.2,17.4,129.92,574.3
AD 773,AD 773,31.09,1.9,33.1,152.2,55.7
AD 783,AD783,31.09,2.8,4.4,150.8,21
AD 785,AD785,31.09,2.5,52.05,73.21,321.1
AD 789,AD789,31.09,1.8,63.65,115.54,112.4
AD 821,AD821,31.09,2.1,46.5,72.25,159.1
AD 569,AD569,31.09,1.8,27,73.17,130.3
EA 43,EA43,31.09,1.9,59.6,73.17,301.7
EA 49,EA49,31.09,1.89,30.8125,88.33,80.1
MS1-3,MS1 3,31.01,3,52.4,171.6,22.5
MS1-7,MS1 7 ,31.01,3.2,45.975,133.75,60
MS1-8,MS1 8 ,31.01,2.8,38.525,112.81,55.6
MS1-12,MS1 12,31.01,3.25,54.399925,64.69,14
MS1-19,MS1 19,31.01,2.5,26.401975,132.56,55.2
MS1-21,MS1 21,31.01,3.7,31,136.44,47.6
MS1-27,MS1 27,31.01,2.9075,45.325,138.25,48.2
MS1-28,MS1 28,31.01,2.4,20.1,88.42,485.7
MS1-31,MS1 31,31.01,2.27166666666667,30.858325,127.75,235.8
MS1-32,MS1 32,31.01,2.6,37.95,66,82.4
MS1-33,MS1 33,31.01,2.18333333333333,23.15,137.29,122.2
MS1-36,MS1 36,31.01,1.5,15.97925,37.5,34.1
MS1-41,MS1 41,31.01,2.13333333333333,35.026275,139.56,63.9
MS1-44,MS1 44,31.01,2.05,57.975,139.25,60.1
MS1-48,MS1 48,31.01,3.55,35.5,158.25,73.9
MS1-49,MS1 49,31.01,1.4,19.6,77.69,112.8
MS1-51,MS1 51,31.01,2.47166666666667,30.125,148.75,86.3
MS1-55,MS1 55,31.01,1.46666666666667,23.55,32.13,173.6
MS1-56,MS1 56,31.01,1.075,19.5,44.94,13
MS1-62,MS1 62,31.01,2.8,29.716575,190,125.9
MS1-65,MS1 65,31.01,2.4,55.95,146.63,41.8
MS1-71,MS1 71,31.01,3.7,47.2,178.71,58.4
MS1-72,MS1 72,31.01,3.65,30.95,135.2,15.9
MS1-73,MS1 73,31.01,1.36666666666667,39.8,48.25,176.2
MS1-84,MS1 84,31.01,1,51.625,30.25,31.7
MS1-86,MS1 86,31.01,3.6,56.475,163.57,44.8
MS1-87,MS1 87,31.01,3.55,42.025,131.33,63.3
MS1-90,MS1 90,31.01,3.9,46.35,109.81,17.4
MS1-93,MS1 93,31.01,1,10.416675,22.56,10.7
MS1-94,MS1 94,31.01,3.35,43.56875,175.38,27.6
MS1-95,MS1 95,31.01,3.1,29.075,70.54,172
MS1-96,MS1 96,31.01,2.8,33.85,137.9,84.7
MS1-97,MS1 97,31.01,3.4,39.85,138.5,77.7
MS1-99,MS1 99,31.01,2.346,26.725,183.86,63.3
MS1-103,MS1 103,31.01,2.9,36.01105,151.57,56.1
MS1-106,MS1 106,31.01,1,22.8,88.5,20.4
MS1-119,MS1 119,31.01,3.8,42.775,52.2,15.4
MS1-122,MS1 122,31.01,3.3,39.7,173,68.9
MS1-125,MS1 125,31.01,2.95,47.05,192.13,32.6
MS1-127,MS1 127,31.01,1.23333333333333,25.55,119.13,27.2
MS1-128,MS1 128,31.01,2.13333333333333,41.4375,169.88,44.9
MS1-130,MS1 130,31.01,3.35,36.7,187.5,68.5
MS1-132,MS1 132,31.01,3.4,47.35,134.6,56
MS1-138,MS1 138,31.01,3.6,41.05,120.38,53.3
TB19,TB 19,31.09,3.1,27.225,119.92,112.8
TB35,TB 35,31.09,2.9,5.6,68.31,65.9
TB37,TB 37,31.09,3.3,18.160625,120.9,84.1
TB90,TB 90,31.09,2.0425,29.82075,123.38,333.7
TB108,TB108,31.09,1,38.3,60.81,26.9
TB120,TB120,31.09,1,7.2,40.38,5.3
